{
  "css/style.css": 1710219525840,
  "ext/controller/Reject1.js": 1710156455048,
  "ext/fragment/WFFrag.js": 1710154022651,
  "ext/fragment/Custfilter.js": 1710154022651,
  "ext/fragment/Attachment.js": 1710154022651,
  "ext/controller/Secobj.controller.js": 1710154022651,
  "manifest.json": 1711048574740,
  "ext/controller/PanDetailsObj.controller.js": 1710886685291,
  "ext/controller/Nav1.js": 1710154022651,
  "ext/controller/ListController.controller.js": 1710910612004,
  "ext/controller/Clarification1.js": 1710156434557,
  "ext/controller/Approve1.js": 1710156402018,
  "Component.js": 1710154022651,
  "Component-preload.js": 1711048575224,
  "ext/controller/Reject1-dbg.js": 1710156455048,
  "ext/fragment/Custfilter-dbg.js": 1710154022651,
  "ext/fragment/Attachment-dbg.js": 1710154022651,
  "ext/controller/Secobj-dbg.controller.js": 1710154022651,
  "ext/fragment/WFFrag-dbg.js": 1710154022651,
  "ext/controller/PanDetailsObj-dbg.controller.js": 1710886685291,
  "ext/controller/Nav1-dbg.js": 1710154022651,
  "ext/controller/ListController-dbg.controller.js": 1710910612004,
  "ext/controller/Clarification1-dbg.js": 1710156434557,
  "ext/controller/Approve1-dbg.js": 1710156402018,
  "Component-dbg.js": 1710154022651,
  "ext/fragment/WFFrag.fragment.xml": 1710154022651,
  "ext/fragment/Custfilter.fragment.xml": 1710154022651,
  "ext/fragment/Attachment.fragment.xml": 1710154022651,
  "i18n/i18n.properties": 1710220062401,
  "index.html": 1710222799924
}